Id,Expected
img0-checkpoint.jpg,otto_mann
img1-checkpoint.jpg,otto_mann
img0.jpg,otto_mann
img1.jpg,otto_mann
img10.jpg,lisa_simpson
img100.jpg,otto_mann
img101.jpg,otto_mann
img102.jpg,otto_mann
img103.jpg,otto_mann
img104.jpg,otto_mann
img105.jpg,otto_mann
img106.jpg,otto_mann
img107.jpg,otto_mann
img108.jpg,otto_mann
img109.jpg,martin_prince
img11.jpg,otto_mann
img110.jpg,otto_mann
img111.jpg,professor_john_frink
img112.jpg,otto_mann
img113.jpg,otto_mann
img114.jpg,otto_mann
img115.jpg,otto_mann
img116.jpg,otto_mann
img117.jpg,otto_mann
img118.jpg,otto_mann
img119.jpg,otto_mann
img12.jpg,otto_mann
img120.jpg,otto_mann
img121.jpg,otto_mann
img122.jpg,otto_mann
img123.jpg,otto_mann
img124.jpg,otto_mann
img125.jpg,otto_mann
img126.jpg,marge_simpson
img127.jpg,otto_mann
img128.jpg,otto_mann
img129.jpg,otto_mann
img13.jpg,otto_mann
img130.jpg,otto_mann
img131.jpg,otto_mann
img132.jpg,otto_mann
img133.jpg,otto_mann
img134.jpg,otto_mann
img135.jpg,otto_mann
img136.jpg,otto_mann
img137.jpg,otto_mann
img138.jpg,otto_mann
img139.jpg,abraham_grampa_simpson
img14.jpg,otto_mann
img140.jpg,miss_hoover
img141.jpg,marge_simpson
img142.jpg,otto_mann
img143.jpg,otto_mann
img144.jpg,otto_mann
img145.jpg,otto_mann
img146.jpg,otto_mann
img147.jpg,otto_mann
img148.jpg,otto_mann
img149.jpg,otto_mann
img15.jpg,otto_mann
img150.jpg,otto_mann
img151.jpg,otto_mann
img152.jpg,otto_mann
img153.jpg,lionel_hutz
img154.jpg,otto_mann
img155.jpg,otto_mann
img156.jpg,otto_mann
img157.jpg,otto_mann
img158.jpg,otto_mann
img159.jpg,otto_mann
img16.jpg,otto_mann
img160.jpg,otto_mann
img161.jpg,otto_mann
img162.jpg,otto_mann
img163.jpg,otto_mann
img164.jpg,otto_mann
img165.jpg,otto_mann
img166.jpg,otto_mann
img167.jpg,otto_mann
img168.jpg,otto_mann
img169.jpg,otto_mann
img17.jpg,otto_mann
img170.jpg,marge_simpson
img171.jpg,sideshow_mel
img172.jpg,otto_mann
img173.jpg,otto_mann
img174.jpg,otto_mann
img175.jpg,otto_mann
img176.jpg,otto_mann
img177.jpg,otto_mann
img178.jpg,otto_mann
img179.jpg,marge_simpson
img18.jpg,otto_mann
img180.jpg,otto_mann
img181.jpg,otto_mann
img182.jpg,otto_mann
img183.jpg,otto_mann
img184.jpg,otto_mann
img185.jpg,otto_mann
img186.jpg,otto_mann
img187.jpg,otto_mann
img188.jpg,otto_mann
img189.jpg,otto_mann
img19.jpg,otto_mann
img190.jpg,otto_mann
img191.jpg,otto_mann
img192.jpg,otto_mann
img193.jpg,otto_mann
img194.jpg,otto_mann
img195.jpg,otto_mann
img196.jpg,otto_mann
img197.jpg,otto_mann
img198.jpg,otto_mann
img199.jpg,martin_prince
img2.jpg,apu_nahasapeemapetilon
img20.jpg,otto_mann
img200.jpg,otto_mann
img201.jpg,otto_mann
img202.jpg,otto_mann
img203.jpg,otto_mann
img204.jpg,otto_mann
img205.jpg,otto_mann
img206.jpg,otto_mann
img207.jpg,otto_mann
img208.jpg,nelson_muntz
img209.jpg,otto_mann
img21.jpg,otto_mann
img210.jpg,otto_mann
img211.jpg,otto_mann
img212.jpg,otto_mann
img213.jpg,otto_mann
img214.jpg,lionel_hutz
img215.jpg,otto_mann
img216.jpg,charles_montgomery_burns
img217.jpg,professor_john_frink
img218.jpg,otto_mann
img219.jpg,sideshow_mel
img22.jpg,otto_mann
img220.jpg,otto_mann
img221.jpg,otto_mann
img222.jpg,otto_mann
img223.jpg,otto_mann
img224.jpg,otto_mann
img225.jpg,otto_mann
img226.jpg,otto_mann
img227.jpg,otto_mann
img228.jpg,otto_mann
img229.jpg,otto_mann
img23.jpg,otto_mann
img230.jpg,otto_mann
img231.jpg,otto_mann
img232.jpg,otto_mann
img233.jpg,otto_mann
img234.jpg,otto_mann
img235.jpg,otto_mann
img236.jpg,charles_montgomery_burns
img237.jpg,otto_mann
img238.jpg,otto_mann
img239.jpg,otto_mann
img24.jpg,lionel_hutz
img240.jpg,otto_mann
img241.jpg,sideshow_mel
img242.jpg,otto_mann
img243.jpg,otto_mann
img244.jpg,otto_mann
img245.jpg,otto_mann
img246.jpg,otto_mann
img247.jpg,otto_mann
img248.jpg,otto_mann
img249.jpg,otto_mann
img25.jpg,otto_mann
img250.jpg,otto_mann
img251.jpg,otto_mann
img252.jpg,otto_mann
img253.jpg,otto_mann
img254.jpg,otto_mann
img255.jpg,otto_mann
img256.jpg,otto_mann
img257.jpg,marge_simpson
img258.jpg,otto_mann
img259.jpg,otto_mann
img26.jpg,otto_mann
img260.jpg,sideshow_mel
img261.jpg,otto_mann
img262.jpg,otto_mann
img263.jpg,otto_mann
img264.jpg,otto_mann
img265.jpg,otto_mann
img266.jpg,otto_mann
img267.jpg,otto_mann
img268.jpg,otto_mann
img269.jpg,lionel_hutz
img27.jpg,otto_mann
img270.jpg,otto_mann
img271.jpg,otto_mann
img272.jpg,otto_mann
img273.jpg,otto_mann
img274.jpg,lionel_hutz
img275.jpg,otto_mann
img276.jpg,otto_mann
img277.jpg,otto_mann
img278.jpg,otto_mann
img279.jpg,barney_gumble
img28.jpg,otto_mann
img280.jpg,otto_mann
img281.jpg,otto_mann
img282.jpg,otto_mann
img283.jpg,otto_mann
img284.jpg,otto_mann
img285.jpg,otto_mann
img286.jpg,otto_mann
img287.jpg,otto_mann
img288.jpg,otto_mann
img289.jpg,otto_mann
img29.jpg,otto_mann
img290.jpg,otto_mann
img291.jpg,marge_simpson
img292.jpg,otto_mann
img293.jpg,otto_mann
img294.jpg,nelson_muntz
img295.jpg,otto_mann
img296.jpg,otto_mann
img297.jpg,otto_mann
img298.jpg,otto_mann
img299.jpg,otto_mann
img3.jpg,otto_mann
img30.jpg,otto_mann
img300.jpg,professor_john_frink
img301.jpg,otto_mann
img302.jpg,otto_mann
img303.jpg,otto_mann
img304.jpg,otto_mann
img305.jpg,otto_mann
img306.jpg,otto_mann
img307.jpg,otto_mann
img308.jpg,otto_mann
img309.jpg,otto_mann
img31.jpg,otto_mann
img310.jpg,otto_mann
img311.jpg,otto_mann
img312.jpg,otto_mann
img313.jpg,otto_mann
img314.jpg,otto_mann
img315.jpg,otto_mann
img316.jpg,otto_mann
img317.jpg,otto_mann
img318.jpg,otto_mann
img319.jpg,otto_mann
img32.jpg,apu_nahasapeemapetilon
img320.jpg,otto_mann
img321.jpg,otto_mann
img322.jpg,otto_mann
img323.jpg,otto_mann
img324.jpg,otto_mann
img325.jpg,otto_mann
img326.jpg,otto_mann
img327.jpg,otto_mann
img328.jpg,otto_mann
img329.jpg,otto_mann
img33.jpg,otto_mann
img330.jpg,otto_mann
img331.jpg,otto_mann
img332.jpg,otto_mann
img333.jpg,otto_mann
img334.jpg,otto_mann
img335.jpg,charles_montgomery_burns
img336.jpg,otto_mann
img337.jpg,otto_mann
img338.jpg,otto_mann
img339.jpg,otto_mann
img34.jpg,otto_mann
img340.jpg,otto_mann
img341.jpg,otto_mann
img342.jpg,otto_mann
img343.jpg,otto_mann
img344.jpg,otto_mann
img345.jpg,otto_mann
img346.jpg,otto_mann
img347.jpg,otto_mann
img348.jpg,otto_mann
img349.jpg,abraham_grampa_simpson
img35.jpg,otto_mann
img350.jpg,otto_mann
img351.jpg,otto_mann
img352.jpg,otto_mann
img353.jpg,otto_mann
img354.jpg,otto_mann
img355.jpg,otto_mann
img356.jpg,otto_mann
img357.jpg,otto_mann
img358.jpg,otto_mann
img359.jpg,abraham_grampa_simpson
img36.jpg,otto_mann
img360.jpg,otto_mann
img361.jpg,lionel_hutz
img362.jpg,otto_mann
img363.jpg,sideshow_mel
img364.jpg,otto_mann
img365.jpg,otto_mann
img366.jpg,otto_mann
img367.jpg,otto_mann
img368.jpg,otto_mann
img369.jpg,otto_mann
img37.jpg,otto_mann
img370.jpg,lionel_hutz
img371.jpg,otto_mann
img372.jpg,otto_mann
img373.jpg,otto_mann
img374.jpg,apu_nahasapeemapetilon
img375.jpg,otto_mann
img376.jpg,otto_mann
img377.jpg,otto_mann
img378.jpg,otto_mann
img379.jpg,nelson_muntz
img38.jpg,otto_mann
img380.jpg,otto_mann
img381.jpg,otto_mann
img382.jpg,otto_mann
img383.jpg,miss_hoover
img384.jpg,apu_nahasapeemapetilon
img385.jpg,otto_mann
img386.jpg,otto_mann
img387.jpg,otto_mann
img388.jpg,otto_mann
img389.jpg,otto_mann
img39.jpg,otto_mann
img390.jpg,otto_mann
img391.jpg,otto_mann
img392.jpg,otto_mann
img393.jpg,otto_mann
img394.jpg,otto_mann
img395.jpg,otto_mann
img396.jpg,apu_nahasapeemapetilon
img397.jpg,otto_mann
img398.jpg,otto_mann
img399.jpg,otto_mann
img4.jpg,otto_mann
img40.jpg,otto_mann
img400.jpg,otto_mann
img401.jpg,otto_mann
img402.jpg,otto_mann
img403.jpg,otto_mann
img404.jpg,barney_gumble
img405.jpg,otto_mann
img406.jpg,otto_mann
img407.jpg,otto_mann
img408.jpg,otto_mann
img409.jpg,abraham_grampa_simpson
img41.jpg,otto_mann
img410.jpg,apu_nahasapeemapetilon
img411.jpg,lisa_simpson
img412.jpg,otto_mann
img413.jpg,otto_mann
img414.jpg,otto_mann
img415.jpg,sideshow_mel
img416.jpg,otto_mann
img417.jpg,apu_nahasapeemapetilon
img418.jpg,otto_mann
img419.jpg,abraham_grampa_simpson
img42.jpg,marge_simpson
img420.jpg,otto_mann
img421.jpg,otto_mann
img422.jpg,otto_mann
img423.jpg,otto_mann
img424.jpg,otto_mann
img425.jpg,otto_mann
img426.jpg,otto_mann
img427.jpg,otto_mann
img428.jpg,otto_mann
img429.jpg,charles_montgomery_burns
img43.jpg,otto_mann
img430.jpg,otto_mann
img431.jpg,marge_simpson
img432.jpg,otto_mann
img433.jpg,otto_mann
img434.jpg,otto_mann
img435.jpg,otto_mann
img436.jpg,apu_nahasapeemapetilon
img437.jpg,otto_mann
img438.jpg,otto_mann
img439.jpg,otto_mann
img44.jpg,otto_mann
img440.jpg,otto_mann
img441.jpg,otto_mann
img442.jpg,professor_john_frink
img443.jpg,otto_mann
img444.jpg,moe_szyslak
img445.jpg,otto_mann
img446.jpg,otto_mann
img447.jpg,otto_mann
img448.jpg,otto_mann
img449.jpg,apu_nahasapeemapetilon
img45.jpg,apu_nahasapeemapetilon
img450.jpg,otto_mann
img451.jpg,otto_mann
img452.jpg,otto_mann
img453.jpg,otto_mann
img454.jpg,otto_mann
img455.jpg,otto_mann
img456.jpg,otto_mann
img457.jpg,otto_mann
img458.jpg,marge_simpson
img459.jpg,otto_mann
img46.jpg,marge_simpson
img460.jpg,abraham_grampa_simpson
img461.jpg,otto_mann
img462.jpg,otto_mann
img463.jpg,otto_mann
img464.jpg,otto_mann
img465.jpg,otto_mann
img466.jpg,otto_mann
img467.jpg,otto_mann
img468.jpg,apu_nahasapeemapetilon
img469.jpg,charles_montgomery_burns
img47.jpg,marge_simpson
img470.jpg,otto_mann
img471.jpg,otto_mann
img472.jpg,otto_mann
img473.jpg,otto_mann
img474.jpg,otto_mann
img475.jpg,otto_mann
img476.jpg,otto_mann
img477.jpg,otto_mann
img478.jpg,otto_mann
img479.jpg,otto_mann
img48.jpg,otto_mann
img480.jpg,miss_hoover
img481.jpg,otto_mann
img482.jpg,otto_mann
img483.jpg,otto_mann
img484.jpg,otto_mann
img485.jpg,lionel_hutz
img486.jpg,otto_mann
img487.jpg,otto_mann
img488.jpg,marge_simpson
img489.jpg,otto_mann
img49.jpg,otto_mann
img490.jpg,martin_prince
img491.jpg,otto_mann
img492.jpg,otto_mann
img493.jpg,otto_mann
img494.jpg,otto_mann
img495.jpg,otto_mann
img496.jpg,otto_mann
img497.jpg,otto_mann
img498.jpg,professor_john_frink
img499.jpg,otto_mann
img5.jpg,otto_mann
img50.jpg,otto_mann
img500.jpg,otto_mann
img501.jpg,otto_mann
img502.jpg,otto_mann
img503.jpg,miss_hoover
img504.jpg,otto_mann
img505.jpg,otto_mann
img506.jpg,apu_nahasapeemapetilon
img507.jpg,otto_mann
img508.jpg,otto_mann
img509.jpg,otto_mann
img51.jpg,otto_mann
img510.jpg,otto_mann
img511.jpg,otto_mann
img512.jpg,otto_mann
img513.jpg,otto_mann
img514.jpg,otto_mann
img515.jpg,otto_mann
img516.jpg,otto_mann
img517.jpg,otto_mann
img518.jpg,otto_mann
img519.jpg,otto_mann
img52.jpg,otto_mann
img520.jpg,otto_mann
img521.jpg,abraham_grampa_simpson
img522.jpg,otto_mann
img523.jpg,otto_mann
img524.jpg,otto_mann
img525.jpg,otto_mann
img526.jpg,otto_mann
img527.jpg,otto_mann
img528.jpg,otto_mann
img529.jpg,homer_simpson
img53.jpg,charles_montgomery_burns
img530.jpg,otto_mann
img531.jpg,marge_simpson
img532.jpg,otto_mann
img533.jpg,otto_mann
img534.jpg,otto_mann
img535.jpg,otto_mann
img536.jpg,otto_mann
img537.jpg,otto_mann
img538.jpg,otto_mann
img539.jpg,otto_mann
img54.jpg,otto_mann
img540.jpg,otto_mann
img541.jpg,otto_mann
img542.jpg,otto_mann
img543.jpg,professor_john_frink
img544.jpg,marge_simpson
img545.jpg,otto_mann
img546.jpg,otto_mann
img547.jpg,otto_mann
img548.jpg,otto_mann
img549.jpg,otto_mann
img55.jpg,apu_nahasapeemapetilon
img550.jpg,otto_mann
img551.jpg,otto_mann
img552.jpg,otto_mann
img553.jpg,otto_mann
img554.jpg,otto_mann
img555.jpg,otto_mann
img556.jpg,marge_simpson
img557.jpg,otto_mann
img558.jpg,otto_mann
img559.jpg,otto_mann
img56.jpg,otto_mann
img560.jpg,marge_simpson
img561.jpg,otto_mann
img562.jpg,otto_mann
img563.jpg,otto_mann
img564.jpg,otto_mann
img565.jpg,lionel_hutz
img566.jpg,apu_nahasapeemapetilon
img567.jpg,otto_mann
img568.jpg,otto_mann
img569.jpg,otto_mann
img57.jpg,charles_montgomery_burns
img570.jpg,otto_mann
img571.jpg,otto_mann
img572.jpg,otto_mann
img573.jpg,otto_mann
img574.jpg,otto_mann
img575.jpg,otto_mann
img576.jpg,otto_mann
img577.jpg,otto_mann
img578.jpg,marge_simpson
img579.jpg,otto_mann
img58.jpg,otto_mann
img580.jpg,otto_mann
img581.jpg,lionel_hutz
img582.jpg,otto_mann
img583.jpg,otto_mann
img584.jpg,otto_mann
img585.jpg,otto_mann
img586.jpg,otto_mann
img587.jpg,otto_mann
img588.jpg,otto_mann
img589.jpg,otto_mann
img59.jpg,otto_mann
img590.jpg,otto_mann
img591.jpg,otto_mann
img592.jpg,otto_mann
img593.jpg,otto_mann
img594.jpg,otto_mann
img595.jpg,otto_mann
img596.jpg,otto_mann
img597.jpg,otto_mann
img598.jpg,apu_nahasapeemapetilon
img599.jpg,otto_mann
img6.jpg,otto_mann
img60.jpg,otto_mann
img600.jpg,otto_mann
img601.jpg,otto_mann
img602.jpg,otto_mann
img603.jpg,otto_mann
img604.jpg,otto_mann
img605.jpg,otto_mann
img606.jpg,otto_mann
img607.jpg,otto_mann
img608.jpg,otto_mann
img609.jpg,otto_mann
img61.jpg,otto_mann
img610.jpg,otto_mann
img611.jpg,otto_mann
img612.jpg,otto_mann
img613.jpg,otto_mann
img614.jpg,marge_simpson
img615.jpg,otto_mann
img616.jpg,otto_mann
img617.jpg,otto_mann
img618.jpg,otto_mann
img619.jpg,lionel_hutz
img62.jpg,otto_mann
img620.jpg,otto_mann
img621.jpg,otto_mann
img622.jpg,otto_mann
img623.jpg,otto_mann
img624.jpg,otto_mann
img625.jpg,otto_mann
img626.jpg,otto_mann
img627.jpg,otto_mann
img628.jpg,otto_mann
img629.jpg,otto_mann
img63.jpg,charles_montgomery_burns
img630.jpg,marge_simpson
img631.jpg,lionel_hutz
img632.jpg,otto_mann
img633.jpg,otto_mann
img634.jpg,otto_mann
img635.jpg,lionel_hutz
img636.jpg,otto_mann
img637.jpg,lionel_hutz
img638.jpg,otto_mann
img639.jpg,otto_mann
img64.jpg,otto_mann
img640.jpg,lionel_hutz
img641.jpg,otto_mann
img642.jpg,professor_john_frink
img643.jpg,otto_mann
img644.jpg,otto_mann
img645.jpg,otto_mann
img646.jpg,otto_mann
img647.jpg,otto_mann
img648.jpg,otto_mann
img649.jpg,otto_mann
img65.jpg,otto_mann
img650.jpg,apu_nahasapeemapetilon
img651.jpg,otto_mann
img652.jpg,apu_nahasapeemapetilon
img653.jpg,otto_mann
img654.jpg,otto_mann
img655.jpg,lionel_hutz
img656.jpg,otto_mann
img657.jpg,otto_mann
img658.jpg,otto_mann
img659.jpg,abraham_grampa_simpson
img66.jpg,otto_mann
img660.jpg,otto_mann
img661.jpg,otto_mann
img662.jpg,otto_mann
img663.jpg,otto_mann
img664.jpg,otto_mann
img665.jpg,otto_mann
img666.jpg,apu_nahasapeemapetilon
img667.jpg,otto_mann
img668.jpg,otto_mann
img669.jpg,otto_mann
img67.jpg,nelson_muntz
img670.jpg,otto_mann
img671.jpg,otto_mann
img672.jpg,otto_mann
img673.jpg,otto_mann
img674.jpg,apu_nahasapeemapetilon
img675.jpg,marge_simpson
img676.jpg,lionel_hutz
img677.jpg,otto_mann
img678.jpg,charles_montgomery_burns
img679.jpg,otto_mann
img68.jpg,otto_mann
img680.jpg,otto_mann
img681.jpg,otto_mann
img682.jpg,otto_mann
img683.jpg,otto_mann
img684.jpg,otto_mann
img685.jpg,otto_mann
img686.jpg,otto_mann
img687.jpg,otto_mann
img688.jpg,otto_mann
img689.jpg,otto_mann
img69.jpg,otto_mann
img690.jpg,otto_mann
img691.jpg,otto_mann
img692.jpg,marge_simpson
img693.jpg,otto_mann
img694.jpg,otto_mann
img695.jpg,marge_simpson
img696.jpg,otto_mann
img697.jpg,rainier_wolfcastle
img698.jpg,otto_mann
img699.jpg,abraham_grampa_simpson
img7.jpg,apu_nahasapeemapetilon
img70.jpg,otto_mann
img700.jpg,otto_mann
img701.jpg,otto_mann
img702.jpg,otto_mann
img703.jpg,otto_mann
img704.jpg,lisa_simpson
img705.jpg,otto_mann
img706.jpg,otto_mann
img707.jpg,otto_mann
img708.jpg,otto_mann
img709.jpg,otto_mann
img71.jpg,otto_mann
img710.jpg,otto_mann
img711.jpg,lionel_hutz
img712.jpg,otto_mann
img713.jpg,otto_mann
img714.jpg,otto_mann
img715.jpg,otto_mann
img716.jpg,otto_mann
img717.jpg,otto_mann
img718.jpg,nelson_muntz
img719.jpg,apu_nahasapeemapetilon
img72.jpg,sideshow_mel
img720.jpg,otto_mann
img721.jpg,otto_mann
img722.jpg,apu_nahasapeemapetilon
img723.jpg,otto_mann
img724.jpg,otto_mann
img725.jpg,otto_mann
img726.jpg,nelson_muntz
img727.jpg,otto_mann
img728.jpg,otto_mann
img729.jpg,otto_mann
img73.jpg,otto_mann
img730.jpg,otto_mann
img731.jpg,otto_mann
img732.jpg,otto_mann
img733.jpg,otto_mann
img734.jpg,otto_mann
img735.jpg,otto_mann
img736.jpg,apu_nahasapeemapetilon
img737.jpg,otto_mann
img738.jpg,otto_mann
img739.jpg,otto_mann
img74.jpg,otto_mann
img740.jpg,otto_mann
img741.jpg,otto_mann
img742.jpg,otto_mann
img743.jpg,otto_mann
img744.jpg,otto_mann
img745.jpg,otto_mann
img746.jpg,otto_mann
img747.jpg,otto_mann
img748.jpg,sideshow_mel
img749.jpg,otto_mann
img75.jpg,otto_mann
img750.jpg,lionel_hutz
img751.jpg,otto_mann
img752.jpg,otto_mann
img753.jpg,otto_mann
img754.jpg,otto_mann
img755.jpg,nelson_muntz
img756.jpg,otto_mann
img757.jpg,otto_mann
img758.jpg,otto_mann
img759.jpg,otto_mann
img76.jpg,otto_mann
img760.jpg,otto_mann
img761.jpg,marge_simpson
img762.jpg,marge_simpson
img763.jpg,otto_mann
img764.jpg,otto_mann
img765.jpg,otto_mann
img766.jpg,otto_mann
img767.jpg,otto_mann
img768.jpg,lisa_simpson
img769.jpg,otto_mann
img77.jpg,otto_mann
img770.jpg,otto_mann
img771.jpg,otto_mann
img772.jpg,otto_mann
img773.jpg,otto_mann
img774.jpg,otto_mann
img775.jpg,otto_mann
img776.jpg,otto_mann
img777.jpg,otto_mann
img778.jpg,otto_mann
img779.jpg,sideshow_mel
img78.jpg,otto_mann
img780.jpg,otto_mann
img781.jpg,otto_mann
img782.jpg,otto_mann
img783.jpg,otto_mann
img784.jpg,lionel_hutz
img785.jpg,otto_mann
img786.jpg,otto_mann
img787.jpg,otto_mann
img788.jpg,marge_simpson
img789.jpg,otto_mann
img79.jpg,otto_mann
img790.jpg,marge_simpson
img791.jpg,otto_mann
img792.jpg,lionel_hutz
img793.jpg,otto_mann
img794.jpg,otto_mann
img795.jpg,otto_mann
img796.jpg,otto_mann
img797.jpg,maggie_simpson
img798.jpg,otto_mann
img799.jpg,otto_mann
img8.jpg,lionel_hutz
img80.jpg,otto_mann
img800.jpg,otto_mann
img801.jpg,otto_mann
img802.jpg,otto_mann
img803.jpg,otto_mann
img804.jpg,nelson_muntz
img805.jpg,otto_mann
img806.jpg,otto_mann
img807.jpg,otto_mann
img808.jpg,otto_mann
img809.jpg,otto_mann
img81.jpg,otto_mann
img810.jpg,otto_mann
img811.jpg,otto_mann
img812.jpg,otto_mann
img813.jpg,otto_mann
img814.jpg,otto_mann
img815.jpg,moe_szyslak
img816.jpg,otto_mann
img817.jpg,otto_mann
img818.jpg,otto_mann
img819.jpg,otto_mann
img82.jpg,otto_mann
img820.jpg,otto_mann
img821.jpg,otto_mann
img822.jpg,otto_mann
img823.jpg,otto_mann
img824.jpg,lionel_hutz
img825.jpg,otto_mann
img826.jpg,otto_mann
img827.jpg,otto_mann
img828.jpg,otto_mann
img829.jpg,otto_mann
img83.jpg,otto_mann
img830.jpg,otto_mann
img831.jpg,otto_mann
img832.jpg,otto_mann
img833.jpg,otto_mann
img834.jpg,otto_mann
img835.jpg,otto_mann
img836.jpg,otto_mann
img837.jpg,miss_hoover
img838.jpg,otto_mann
img839.jpg,marge_simpson
img84.jpg,otto_mann
img840.jpg,otto_mann
img841.jpg,lionel_hutz
img842.jpg,otto_mann
img843.jpg,otto_mann
img844.jpg,otto_mann
img845.jpg,lionel_hutz
img846.jpg,otto_mann
img847.jpg,otto_mann
img848.jpg,otto_mann
img849.jpg,otto_mann
img85.jpg,otto_mann
img850.jpg,otto_mann
img851.jpg,otto_mann
img852.jpg,otto_mann
img853.jpg,otto_mann
img854.jpg,otto_mann
img855.jpg,otto_mann
img856.jpg,otto_mann
img857.jpg,otto_mann
img858.jpg,marge_simpson
img859.jpg,otto_mann
img86.jpg,otto_mann
img860.jpg,otto_mann
img861.jpg,otto_mann
img862.jpg,otto_mann
img863.jpg,otto_mann
img864.jpg,otto_mann
img865.jpg,professor_john_frink
img866.jpg,otto_mann
img867.jpg,otto_mann
img868.jpg,otto_mann
img869.jpg,otto_mann
img87.jpg,otto_mann
img870.jpg,otto_mann
img871.jpg,otto_mann
img872.jpg,otto_mann
img873.jpg,otto_mann
img874.jpg,otto_mann
img875.jpg,otto_mann
img876.jpg,otto_mann
img877.jpg,charles_montgomery_burns
img878.jpg,otto_mann
img879.jpg,otto_mann
img88.jpg,otto_mann
img880.jpg,otto_mann
img881.jpg,otto_mann
img882.jpg,nelson_muntz
img883.jpg,otto_mann
img884.jpg,otto_mann
img885.jpg,otto_mann
img886.jpg,otto_mann
img887.jpg,otto_mann
img888.jpg,otto_mann
img889.jpg,otto_mann
img89.jpg,otto_mann
img890.jpg,otto_mann
img891.jpg,otto_mann
img892.jpg,marge_simpson
img893.jpg,otto_mann
img894.jpg,otto_mann
img895.jpg,otto_mann
img896.jpg,otto_mann
img897.jpg,marge_simpson
img898.jpg,otto_mann
img899.jpg,otto_mann
img9.jpg,marge_simpson
img90.jpg,otto_mann
img900.jpg,otto_mann
img901.jpg,otto_mann
img902.jpg,otto_mann
img903.jpg,otto_mann
img904.jpg,otto_mann
img905.jpg,otto_mann
img906.jpg,otto_mann
img907.jpg,otto_mann
img908.jpg,otto_mann
img909.jpg,sideshow_mel
img91.jpg,otto_mann
img910.jpg,otto_mann
img911.jpg,otto_mann
img912.jpg,otto_mann
img913.jpg,otto_mann
img914.jpg,otto_mann
img915.jpg,otto_mann
img916.jpg,otto_mann
img917.jpg,otto_mann
img918.jpg,otto_mann
img919.jpg,otto_mann
img92.jpg,otto_mann
img920.jpg,marge_simpson
img921.jpg,otto_mann
img922.jpg,otto_mann
img923.jpg,otto_mann
img924.jpg,otto_mann
img925.jpg,marge_simpson
img926.jpg,otto_mann
img927.jpg,otto_mann
img928.jpg,marge_simpson
img929.jpg,sideshow_mel
img93.jpg,otto_mann
img930.jpg,otto_mann
img931.jpg,otto_mann
img932.jpg,otto_mann
img933.jpg,otto_mann
img934.jpg,martin_prince
img935.jpg,otto_mann
img936.jpg,otto_mann
img937.jpg,otto_mann
img938.jpg,otto_mann
img939.jpg,otto_mann
img94.jpg,otto_mann
img940.jpg,abraham_grampa_simpson
img941.jpg,otto_mann
img942.jpg,otto_mann
img943.jpg,otto_mann
img944.jpg,otto_mann
img945.jpg,otto_mann
img946.jpg,otto_mann
img947.jpg,otto_mann
img948.jpg,otto_mann
img949.jpg,professor_john_frink
img95.jpg,otto_mann
img950.jpg,marge_simpson
img951.jpg,otto_mann
img952.jpg,otto_mann
img953.jpg,nelson_muntz
img954.jpg,otto_mann
img955.jpg,otto_mann
img956.jpg,otto_mann
img957.jpg,otto_mann
img958.jpg,otto_mann
img959.jpg,rainier_wolfcastle
img96.jpg,otto_mann
img960.jpg,otto_mann
img961.jpg,otto_mann
img962.jpg,lionel_hutz
img963.jpg,otto_mann
img964.jpg,otto_mann
img965.jpg,otto_mann
img966.jpg,otto_mann
img967.jpg,nelson_muntz
img968.jpg,nelson_muntz
img969.jpg,otto_mann
img97.jpg,otto_mann
img970.jpg,otto_mann
img971.jpg,otto_mann
img972.jpg,otto_mann
img973.jpg,otto_mann
img974.jpg,otto_mann
img975.jpg,barney_gumble
img976.jpg,otto_mann
img977.jpg,otto_mann
img978.jpg,otto_mann
img979.jpg,homer_simpson
img98.jpg,otto_mann
img980.jpg,otto_mann
img981.jpg,otto_mann
img982.jpg,otto_mann
img983.jpg,marge_simpson
img984.jpg,otto_mann
img985.jpg,otto_mann
img986.jpg,otto_mann
img987.jpg,otto_mann
img988.jpg,otto_mann
img989.jpg,otto_mann
img99.jpg,otto_mann
img990.jpg,otto_mann
